{
  "threshold": 0.0035909144207835197,
  "auc": 1.0,
  "eer": 0.0,
  "prec": 0.8500772797527048,
  "rec": 1.0,
  "created_at": "2025-10-26T13:41:45.260995"
}