{
  "3": {
    "n_pairs": 120,
    "p85": {
      "threshold": 0.0010538874194025993,
      "precision": 0.8571428571428571,
      "recall": 1.0,
      "stp_proxy": 0.5833333333333334
    },
    "p80": {
      "threshold": 0.0008530387422069907,
      "precision": 0.8,
      "recall": 1.0,
      "stp_proxy": 0.625
    }
  },
  "6": {
    "n_pairs": 120,
    "p85": {
      "threshold": 0.007717146538197994,
      "precision": 0.8571428571428571,
      "recall": 1.0,
      "stp_proxy": 0.5833333333333334
    },
    "p80": {
      "threshold": 0.005181499756872654,
      "precision": 0.8,
      "recall": 1.0,
      "stp_proxy": 0.625
    }
  },
  "14": {
    "n_pairs": 120,
    "p85": {
      "threshold": 0.0009011737420223653,
      "precision": 0.8571428571428571,
      "recall": 1.0,
      "stp_proxy": 0.5833333333333334
    },
    "p80": {
      "threshold": 0.000651284703053534,
      "precision": 0.8,
      "recall": 1.0,
      "stp_proxy": 0.625
    }
  },
  "28": {
    "n_pairs": 120,
    "p85": {
      "threshold": 0.005504424683749676,
      "precision": 0.8571428571428571,
      "recall": 1.0,
      "stp_proxy": 0.5833333333333334
    },
    "p80": {
      "threshold": 0.004912060685455799,
      "precision": 0.8,
      "recall": 1.0,
      "stp_proxy": 0.625
    }
  },
  "33": {
    "n_pairs": 120,
    "p85": {
      "threshold": 0.004506743047386408,
      "precision": 0.8571428571428571,
      "recall": 1.0,
      "stp_proxy": 0.5833333333333334
    },
    "p80": {
      "threshold": 0.00375611474737525,
      "precision": 0.8,
      "recall": 1.0,
      "stp_proxy": 0.625
    }
  },
  "35": {
    "n_pairs": 120,
    "p85": {
      "threshold": 0.011337295174598694,
      "precision": 0.8571428571428571,
      "recall": 1.0,
      "stp_proxy": 0.5833333333333334
    },
    "p80": {
      "threshold": 0.00915911328047514,
      "precision": 0.8,
      "recall": 1.0,
      "stp_proxy": 0.625
    }
  },
  "38": {
    "n_pairs": 120,
    "p85": {
      "threshold": 0.009019286371767521,
      "precision": 0.8571428571428571,
      "recall": 1.0,
      "stp_proxy": 0.5833333333333334
    },
    "p80": {
      "threshold": 0.008096445351839066,
      "precision": 0.8,
      "recall": 1.0,
      "stp_proxy": 0.625
    }
  },
  "46": {
    "n_pairs": 120,
    "p85": {
      "threshold": 0.016859307885169983,
      "precision": 0.8571428571428571,
      "recall": 1.0,
      "stp_proxy": 0.5833333333333334
    },
    "p80": {
      "threshold": 0.009316506795585155,
      "precision": 0.8,
      "recall": 1.0,
      "stp_proxy": 0.625
    }
  },
  "49": {
    "n_pairs": 120,
    "p85": {
      "threshold": 0.007878197357058525,
      "precision": 0.8571428571428571,
      "recall": 1.0,
      "stp_proxy": 0.5833333333333334
    },
    "p80": {
      "threshold": 0.006734232418239117,
      "precision": 0.8,
      "recall": 1.0,
      "stp_proxy": 0.625
    }
  },
  "53": {
    "n_pairs": 120,
    "p85": {
      "threshold": 0.004537598695605993,
      "precision": 0.8571428571428571,
      "recall": 1.0,
      "stp_proxy": 0.5833333333333334
    },
    "p80": {
      "threshold": 0.0035860242787748575,
      "precision": 0.8,
      "recall": 1.0,
      "stp_proxy": 0.625
    }
  }
}