{
  "threshold": 0.037379540503025055,
  "auc": 0.9999471074380166,
  "eer": 0.0036363636363636364,
  "prec": 0.8500772797527048,
  "rec": 1.0,
  "created_at": "2025-10-26T12:40:55.859217"
}