{
  "threshold": 0.8071200251579285,
  "auc": 0.7773785123966942,
  "eer": 0.31545454545454543,
  "prec": 0.8505154639175257,
  "rec": 0.3,
  "created_at": "2025-10-26T08:57:30.161281"
}