fold,auc,eer,val_loss
1,0.9228760330578514,0.16,0.5088370236483487
2,0.7773785123966942,0.31545454545454543,0.6358970453522422
3,0.8509685950413223,0.18363636363636365,0.7704316282272339
4,0.9999471074380166,0.0036363636363636364,0.037398141040043395
5,1.0,0.0,0.03664163082838059
