mean_gray,std_gray
0.945859,0.085445
