epoch,train_loss,val_auc,val_eer,gpu_peak_mb
1,0.157836,1.0,0.0,1175.6
2,0.024168,0.99992,0.006,1174.1
3,0.00429,0.999728,0.008,1174.1
4,0.000981,1.0,0.0,1174.1
5,0.017618,0.999716,0.011,1174.1
6,0.005648,1.0,0.0,1174.1
7,0.003259,0.996912,0.03,1174.1
8,0.011508,1.0,0.0,1174.1
9,0.002593,1.0,0.0,1174.1
10,0.001948,1.0,0.0,1174.1
11,0.001423,0.99984,0.008,1174.1
12,0.002962,1.0,0.0,1174.1
