{
  "threshold": 0.5,
  "auc": 0.8509685950413223,
  "eer": 0.18363636363636365,
  "prec": 0.5950413223140496,
  "rec": 0.13090909090909092,
  "created_at": "2025-10-26T10:10:40.907547"
}