{
  "threshold": 0.26647037267684937,
  "auc": 0.9228760330578514,
  "eer": 0.16,
  "prec": 0.8505535055350554,
  "rec": 0.8381818181818181,
  "created_at": "2025-10-26T07:40:08.475456"
}